Player Name,Player Rating,Team Name,Position
Kyle Walker  ,7.04,Manchester City ,Defender
Nathan Aké  ,7.55,Manchester City ,Defender
Mateo Kovacic ,7.75,Manchester City ,Midfielder
Erling Haaland ,8.87,Manchester City ,Attacker
Aymeric Laporte ,7.14,Manchester City ,Defender
Rodri  ,9.38,Manchester City ,Midfielder
Kevin De Bruyne ,6.94,Manchester City ,Midfielder
Julián Álvarez ,8.26,Manchester City ,Attacker
Bernardo Silva ,6.83,Manchester City ,Midfielder
Josko Gvardiol ,7.14,Manchester City ,Defender
Manuel Akanji ,7.24,Manchester City ,Defender
Ederson ,7.55,Manchester City ,Goalkeeper
Phil Foden ,7.04,Manchester City ,Attacker
Cole Palmer ,6.63,Manchester City ,Midfielder
Rico Lewis ,6.73,Manchester City ,Defender
James Trafford ,7.55,Burnley ,Goalkeeper
Dara O'Shea ,6.53,Burnley ,Defender
Louis Jordan Beyer ,6.94,Burnley ,Defender
Josh Brownhill ,6.63,Burnley ,Midfielder
Manuel Benson ,6.02,Burnley ,Attacker
Connor Roberts ,6.53,Burnley ,Defender
Nathan Redmond ,6.63,Burnley ,Midfielder
Sander Berge ,6.53,Burnley ,Midfielder
Lyle Foster ,6.53,Burnley ,Attacker
Anass Zaroury ,6.63,Burnley ,Midfielder
Vitinho ,6.43,Burnley ,Defender
Josh Cullen ,6.63,Burnley ,Midfielder
Amdouni Amdouni ,7.04,Burnley ,Attacker
Ameen Al-Dakhil ,6.63,Burnley ,Defender
Luca Koleosho ,6.53,Burnley ,Attacker
Jacob Bruun Larsen ,6.83,Burnley ,Attacker
Aaron Ramsdale ,6.83,Arsenal ,Goalkeeper
William Saliba ,7.45,Arsenal ,Defender
Ben White ,6.83,Arsenal ,Defender
Thomas Partey ,7.45,Arsenal ,Midfielder
Gabriel Magalhães ,6.43,Arsenal ,Defender
Bukayo Saka ,8.47,Arsenal ,Attacker
Martin Ødegaard ,7.34,Arsenal ,Midfielder
Gabriel Martinelli ,7.04,Arsenal ,Attacker
Jurriën Timber ,7.04,Arsenal ,Defender
Eddie Nketiah ,7.45,Arsenal ,Attacker
Takehiro Tomiyasu ,7.04,Arsenal ,Defender
Leandro Trossard ,7.04,Arsenal ,Attacker
Kai Havertz  ,7.45,Arsenal ,Attacker
Declan Rice ,7.85,Arsenal ,Midfielder
Matt Turner ,7.65,Nottingham Forest ,Goalkeeper
Joe Worrall ,6.73,Nottingham Forest ,Defender
Orel Mangala ,6.32,Nottingham Forest ,Midfielder
Neco Williams ,6.83,Nottingham Forest ,Defender
Cheikhou Kouyaté ,6.73,Nottingham Forest ,Midfielder
Taiwo Awoniyi ,7.45,Nottingham Forest ,Attacker
Morgan Gibbs-White ,7.14,Nottingham Forest ,Midfielder
Chris Wood ,6.43,Nottingham Forest ,Attacker
Brennan Johnson ,6.43,Nottingham Forest ,Attacker
Anthony Elanga ,7.65,Nottingham Forest ,Attacker
Ryan Yates ,6.63,Nottingham Forest ,Midfielder
Serge Aurier ,6.83,Nottingham Forest ,Defender
Scott McKenna ,6.43,Nottingham Forest ,Defender
Danilo ,7.14,Nottingham Forest ,Midfielder
Willy Boly ,7.14,Nottingham Forest ,Defender
Ola Aina ,7.04,Nottingham Forest ,Defender
Kurt Zouma ,7.04,West Ham United ,Defender
Vladimír Coufal ,6.73,West Ham United ,Defender
Pablo Fornals ,7.14,West Ham United ,Midfielder
Michail Antonio ,6.73,West Ham United ,Attacker
Lucas Paquetá ,8.16,West Ham United ,Midfielder
Danny Ings ,6.83,West Ham United ,Attacker
Jarrod Bowen ,8.16,West Ham United ,Attacker
Saïd Benrahma ,7.34,West Ham United ,Attacker
Alphonse Areola ,7.34,West Ham United ,Goalkeeper
Thilo Kehrer ,6.83,West Ham United ,Defender
Nayef Aguerd ,7.04,West Ham United ,Defender
Tomáš Souček ,7.65,West Ham United ,Midfielder
Emerson ,7.34,West Ham United ,Defender
Neto ,6.63,AFC Bournemouth ,Goalkeeper
Miloš Kerkez ,7.04,AFC Bournemouth ,Defender
Chris Mepham ,6.83,AFC Bournemouth ,Defender
David Brooks ,6.73,AFC Bournemouth ,Midfielder
Joe Rothwell ,7.34,AFC Bournemouth ,Midfielder
Dominic Solanke ,7.65,AFC Bournemouth ,Attacker
Ryan Christie ,7.34,AFC Bournemouth ,Midfielder
Justin Kluivert ,6.43,AFC Bournemouth ,Attacker
Kieffer Moore ,6.83,AFC Bournemouth ,Attacker
James Hill ,6.83,AFC Bournemouth ,Defender
Antoine Semenyo ,7.04,AFC Bournemouth ,Attacker
Marcos Senesi ,6.73,AFC Bournemouth ,Defender
Illia Zabarnyi ,6.43,AFC Bournemouth ,Defender
Philip Billing ,7.85,AFC Bournemouth ,Midfielder
Jaidon Anthony ,6.63,AFC Bournemouth ,Attacker
Max Aarons ,7.04,AFC Bournemouth ,Defender
Lewis Dunk ,6.83,Brighton & Hove Albion ,Defender
James Milner ,7.34,Brighton & Hove Albion ,Midfielder
Solly March ,7.45,Brighton & Hove Albion ,Midfielder
Mahmoud Dahoud ,7.14,Brighton & Hove Albion ,Midfielder
João Pedro ,8.06,Brighton & Hove Albion ,Attacker
Julio Enciso ,6.63,Brighton & Hove Albion ,Midfielder
Billy Gilmour ,6.73,Brighton & Hove Albion ,Midfielder
Pascal Groß ,8.36,Brighton & Hove Albion ,Midfielder
Danny Welbeck ,7.34,Brighton & Hove Albion ,Attacker
Kaoru Mitoma ,8.36,Brighton & Hove Albion ,Attacker
Jason Steele ,7.14,Brighton & Hove Albion ,Goalkeeper
Simon Adingra ,7.45,Brighton & Hove Albion ,Attacker
Evan Ferguson ,7.85,Brighton & Hove Albion ,Attacker
Jan Paul van Hecke ,7.34,Brighton & Hove Albion ,Defender
Pervis Estupiñán ,8.67,Brighton & Hove Albion ,Defender
Joël Veltman ,6.43,Brighton & Hove Albion ,Defender
Tom Lockyer  ,6.43,Luton Town ,Defender
Mads Juel Andersen ,6.43,Luton Town ,Defender
Chiedozie Ogbene ,6.83,Luton Town ,Attacker
Luke Berry ,6.63,Luton Town ,Midfielder
Carlton Morris ,8.06,Luton Town ,Attacker
Cauley Woodrow ,7.14,Luton Town ,Attacker
Elijah Adebayo ,6.63,Luton Town ,Attacker
Issa Kaboré ,7.04,Luton Town ,Defender
Marvelous Nakamba ,6.43,Luton Town ,Midfielder
Tahith Chong ,6.32,Luton Town ,Midfielder
Pelly Ruddock Mpanzu ,6.02,Luton Town ,Midfielder
Jacob Brown ,7.04,Luton Town ,Attacker
Thomas Kaminski ,8.06,Luton Town ,Goalkeeper
Ryan Giles ,6.73,Luton Town ,Defender
Amari'i Bell ,6.32,Luton Town ,Defender
Alfie Doughty ,6.43,Luton Town ,Midfielder
Kenny Tete ,7.45,Fulham ,Defender
Harrison Reed ,7.14,Fulham ,Midfielder
Raúl Jiménez ,6.73,Fulham ,Attacker
Harry Wilson ,7.65,Fulham ,Midfielder
Aleksandar Mitrović ,7.34,Fulham ,Attacker
Tom Cairney ,6.83,Fulham ,Midfielder
Tim Ream ,7.34,Fulham ,Defender
Bobby Reid ,7.45,Fulham ,Attacker
Bernd Leno ,9.49,Fulham ,Goalkeeper
Andreas Pereira ,7.04,Fulham ,Midfielder
Willian ,6.43,Fulham ,Attacker
Saša Lukić ,7.34,Fulham ,Midfielder
Issa Diop ,7.65,Fulham ,Defender
Antonee Robinson ,7.34,Fulham ,Defender
Jordan Pickford ,6.73,Everton ,Goalkeeper
Nathan Patterson ,6.43,Everton ,Defender
Michael Keane ,7.34,Everton ,Defender
James Tarkowski ,7.04,Everton ,Defender
Amadou Onana ,7.75,Everton ,Midfielder
Arnaut Danjuma Groeneveld ,6.83,Everton ,Attacker
Neal Maupay ,6.43,Everton ,Attacker
Abdoulaye Doucouré ,7.04,Everton ,Midfielder
Alex Iwobi ,7.85,Everton ,Attacker
Ashley Young ,6.83,Everton ,Defender
Idrissa Gueye ,7.34,Everton ,Midfielder
James Garner ,7.34,Everton ,Midfielder
Lewis Dobbin ,6.83,Everton ,Attacker
George Baldock ,6.83,Sheffield United ,Defender
Max Lowe ,7.34,Sheffield United ,Defender
Chris Basham ,6.73,Sheffield United ,Defender
Benie Traore ,6.32,Sheffield United ,Attacker
John Egan ,7.04,Sheffield United ,Defender
Anel Ahmedhodžić ,7.04,Sheffield United ,Defender
Oliver Norwood ,7.34,Sheffield United ,Midfielder
Wesley Foderingham ,8.16,Sheffield United ,Goalkeeper
Jack Robinson ,6.73,Sheffield United ,Defender
Vinícius Souza ,6.83,Sheffield United ,Midfielder
Ben Osborn ,6.83,Sheffield United ,Midfielder
Anis Slimane ,6.63,Sheffield United ,Midfielder
Yasser Larouci ,7.04,Sheffield United ,Defender
William Osula ,6.32,Sheffield United ,Attacker
Andre Brooks ,6.83,Sheffield United ,Midfielder
Antwoine Hackford ,6.43,Sheffield United ,Attacker
Sam Johnstone ,7.34,Crystal Palace ,Goalkeeper
Joel Ward ,7.04,Crystal Palace ,Defender
Tyrick Mitchell ,7.34,Crystal Palace ,Defender
Marc Guehi ,7.85,Crystal Palace ,Defender
Jefferson Lerma ,7.75,Crystal Palace ,Midfielder
Jordan Ayew ,7.45,Crystal Palace ,Attacker
Eberechi Eze ,8.67,Crystal Palace ,Midfielder
Jeffrey Schlupp ,7.34,Crystal Palace ,Midfielder
Joachim Andersen ,8.87,Crystal Palace ,Defender
Odsonne Édouard ,8.16,Crystal Palace ,Attacker
Cheick Doucouré ,7.04,Crystal Palace ,Midfielder
Emiliano Martínez ,7.85,Aston Villa ,Goalkeeper
Matty Cash ,6.32,Aston Villa ,Defender
Diego Carlos ,6.83,Aston Villa ,Defender
Ezri Konsa ,6.12,Aston Villa ,Defender
Tyrone Mings  ,6.83,Aston Villa ,Defender
Douglas Luiz ,7.14,Aston Villa ,Midfielder
John McGinn ,6.43,Aston Villa ,Midfielder
Youri Tielemans ,6.63,Aston Villa ,Midfielder
Ollie Watkins ,8.06,Aston Villa ,Attacker
Lucas Digne ,6.83,Aston Villa ,Defender
Pau Torres ,6.83,Aston Villa ,Defender
Moussa Diaby  ,7.65,Aston Villa ,Attacker
Philippe Coutinho ,6.73,Aston Villa ,Midfielder
Leon Bailey ,6.43,Aston Villa ,Attacker
Jaden Philogene-Bidace ,6.63,Aston Villa ,Attacker
Boubacar Kamara  ,6.43,Aston Villa ,Midfielder
Kieran Trippier ,7.85,Newcastle United ,Defender
Sven Botman ,7.65,Newcastle United ,Defender
Fabian Schär ,7.04,Newcastle United ,Defender
Joelinton ,7.04,Newcastle United ,Midfielder
Sandro Tonali ,7.65,Newcastle United ,Midfielder
Callum Wilson  ,7.45,Newcastle United ,Attacker
Anthony Gordon ,7.75,Newcastle United ,Attacker
Alexander Isak ,8.16,Newcastle United ,Attacker
Harvey Barnes ,8.87,Newcastle United ,Attacker
Nick Pope ,7.14,Newcastle United ,Goalkeeper
Jacob Murphy ,8.06,Newcastle United ,Attacker
Miguel Almirón ,7.65,Newcastle United ,Attacker
Dan Burn ,7.14,Newcastle United ,Defender
Sean Longstaff ,6.43,Newcastle United ,Midfielder
Bruno Guimarães ,7.04,Newcastle United ,Midfielder
Oliver Skipp ,6.43,Tottenham Hotspur ,Midfielder
Davinson Sánchez ,7.14,Tottenham Hotspur ,Defender
Son Heung-Min ,6.73,Tottenham Hotspur ,Attacker
Yves Bissouma ,8.16,Tottenham Hotspur ,Midfielder
Richarlison ,6.43,Tottenham Hotspur ,Attacker
James Maddison ,8.47,Tottenham Hotspur ,Midfielder
Emerson Royal ,7.45,Tottenham Hotspur ,Defender
Guglielmo Vicario ,7.65,Tottenham Hotspur ,Goalkeeper
Ivan Perišić ,7.34,Tottenham Hotspur ,Attacker
Cristian Romero ,7.45,Tottenham Hotspur ,Defender
Dejan Kulusevski ,7.65,Tottenham Hotspur ,Midfielder
Pape Matar Sarr ,7.34,Tottenham Hotspur ,Midfielder
Mickey van de Ven ,7.34,Tottenham Hotspur ,Defender
Destiny Udogie ,7.45,Tottenham Hotspur ,Defender
Mark Flekken ,7.34,Brentford ,Goalkeeper
Aaron Hickey ,6.73,Brentford ,Defender
Rico Henry ,7.34,Brentford ,Defender
Ethan Pinnock ,7.14,Brentford ,Defender
Christian Nørgaard ,6.83,Brentford ,Midfielder
Mathias Jensen ,6.83,Brentford ,Midfielder
Kevin Schade ,6.32,Brentford ,Midfielder
Yoane Wissa ,8.06,Brentford ,Midfielder
Zanka ,7.65,Brentford ,Defender
Bryan Mbeumo ,6.73,Brentford ,Midfielder
Kristoffer Vassbakk Ajer ,6.43,Brentford ,Defender
Nathan Michael Collins ,6.73,Brentford ,Defender
Mikkel Damsgaard ,7.04,Brentford ,Midfielder
Shandon Baptiste ,6.83,Brentford ,Midfielder
Vitaly Janelt ,6.73,Brentford ,Midfielder
Mads Roerslev Rasmussen ,6.43,Brentford ,Defender
Alisson Becker ,7.45,Liverpool ,Goalkeeper
Virgil van Dijk ,7.34,Liverpool ,Defender
Ibrahima Konaté ,7.14,Liverpool ,Defender
Luis Díaz ,7.34,Liverpool ,Attacker
Dominik Szoboszlai ,7.14,Liverpool ,Midfielder
Darwin Núñez ,6.83,Liverpool ,Attacker
Alexis Mac Allister ,7.65,Liverpool ,Midfielder
Mohamed Salah ,7.65,Liverpool ,Attacker
Curtis Jones ,6.73,Liverpool ,Midfielder
Cody Gakpo ,6.73,Liverpool ,Attacker
Harvey Elliot ,7.14,Liverpool ,Midfielder
Diogo Jota ,7.04,Liverpool ,Attacker
Andrew Robertson ,7.34,Liverpool ,Defender
Ben Doak ,6.43,Liverpool ,Attacker
Trent Alexander-Arnold ,6.43,Liverpool ,Defender
Axel Disasi ,7.85,Chelsea ,Defender
Thiago Silva ,7.45,Chelsea ,Defender
Raheem Sterling ,6.73,Chelsea ,Attacker
Enzo Fernández ,8.36,Chelsea ,Midfielder
Mykhaylo Mudryk ,7.04,Chelsea ,Attacker
Nicolas Jackson ,6.32,Chelsea ,Attacker
Carney Chukwuemeka ,6.43,Chelsea ,Midfielder
Ben Chilwell ,7.65,Chelsea ,Defender
Conor Gallagher ,7.34,Chelsea ,Midfielder
Reece James  ,7.65,Chelsea ,Defender
Levi Samuels Colwill ,7.34,Chelsea ,Defender
Malo Gusto ,6.73,Chelsea ,Defender
Ian Maatsen ,7.04,Chelsea ,Defender
Robert Sánchez ,7.04,Chelsea ,Goalkeeper
Victor Lindelöf ,6.73,Manchester United ,Defender
Lisandro Martínez ,6.63,Manchester United ,Defender
Mason Mount ,6.83,Manchester United ,Midfielder
Bruno Fernandes ,7.45,Manchester United ,Midfielder
Marcus Rashford ,7.04,Manchester United ,Attacker
Christian Eriksen ,6.73,Manchester United ,Midfielder
Casemiro ,7.24,Manchester United ,Midfielder
Raphaël Varane ,7.85,Manchester United ,Defender
Antony ,7.34,Manchester United ,Attacker
Luke Shaw  ,7.85,Manchester United ,Defender
André Onana ,8.16,Manchester United ,Goalkeeper
Jadon Sancho ,6.83,Manchester United ,Attacker
Facundo Pellistri ,6.94,Manchester United ,Attacker
Aaron Wan-Bissaka ,8.26,Manchester United ,Defender
Scott McTominay ,6.83,Manchester United ,Midfielder
Alejandro Garnacho ,7.04,Manchester United ,Attacker
José Sá ,7.24,Wolverhampton Wanderers ,Goalkeeper
Rayan Aït Nouri ,7.04,Wolverhampton Wanderers ,Defender
Mario Lemina ,6.94,Wolverhampton Wanderers ,Midfielder
Pedro Neto ,7.96,Wolverhampton Wanderers ,Attacker
João Gomes ,7.45,Wolverhampton Wanderers ,Midfielder
Hwang Hee-Chan ,7.34,Wolverhampton Wanderers ,Attacker
Matheus Cunha ,7.34,Wolverhampton Wanderers ,Attacker
Craig Dawson ,8.36,Wolverhampton Wanderers ,Defender
Hugo Bueno  ,7.14,Wolverhampton Wanderers ,Defender
Sasa Kalajdzic ,6.83,Wolverhampton Wanderers ,Attacker
Pablo Sarabia ,7.14,Wolverhampton Wanderers ,Midfielder
Nélson Semedo ,7.55,Wolverhampton Wanderers ,Defender
Max Kilman ,7.45,Wolverhampton Wanderers ,Defender
Matheus Nunes ,7.55,Wolverhampton Wanderers ,Midfielder
Fábio Daniel Soares Silva ,7.34,Wolverhampton Wanderers ,Attacker
